{"type": "metrics", "dataset": "train", "precision": 0.9586184424894102, "balanced_accuracy": 0.8072888610143583, "recall": 0.6223820605034905, "f1_score": 0.7547460236018471}
{"type": "metrics", "dataset": "test", "precision": 0.6652211621856028, "balanced_accuracy": 0.6739198500898069, "recall": 0.4024134312696747, "f1_score": 0.5014710689767898}
{"type": "cm_matrix", "dataset": "train", "true_0": {"predicted_0": 16146, "predicted_1": 127}, "true_1": {"predicted_0": 1785, "predicted_1": 2942}}
{"type": "cm_matrix", "dataset": "test", "true_0": {"predicted_0": 6687, "predicted_1": 386}, "true_1": {"predicted_0": 1139, "predicted_1": 767}}